k,epsilon_repulsive,Average_Rg,Average_Ree
1.0,0.5,3.1233509339497454,6.186997963192225
1.0,1.25,2.8437423214365567,9.432050269161213
1.0,2.0,4.6212575942378376,14.03559755976043
2.0,0.5,3.0269917907381045,5.2142621277949255
2.0,1.25,2.864070604026598,10.606303289332782
2.0,2.0,2.2724084897221224,3.366213815083707
3.0,0.5,38.57617196969228,50.13780398890212
3.0,1.25,53.82321895281727,78.12075126963929
3.0,2.0,37.731558721352464,97.07335784718931
